{
  "features": [
    "sp500",
    "DGS10"
  ],
  "min": [
    -0.204669,
    -0.75
  ],
  "max": [
    0.10789,
    0.65
  ]
}